,Weight/100,Monday.com,,Workiom,,Datalexing,,Trello,,Asana,,Notion,,Bitrix24,,ClickUp,,Plane,,Aha.io,,Stemexe,
Features,25,22.5,,17.5,,17.5,,20,,22.5,,22.5,,20,,25,,15,,20,,15,
Setup Complexity,4,3.2,"Low to medium complexity; intuitive, spreadsheet-like interface with drag-and-drop functionality makes initial setup accessible for non-technical users, though building complex automations may require a learning curve.",3.6,"Low complexity; built as a no-code database tool with a familiar spreadsheet-like interface, making initial setup intuitive for non-technical users.",2.4,"Moderate complexity; positioned as a data management and visualization tool, requiring some upfront configuration to define data structures and relationships.",4,"Very low complexity; simple, intuitive card-and-board system that users can start using immediately with virtually no training or setup time.",3.2,"Low to moderate complexity; user-friendly interface with guided setup, though mastering advanced features like portfolios and custom fields takes time.",2.8,"Low to moderate complexity; flexible but unstructured workspace requires users to build their own systems from scratch, which can be overwhelming initially.",1.6,"High complexity; vast feature set (CRM, telephony, tasks) requires significant time investment to configure properly and train team members.",2.8,"Moderate complexity; highly customizable with numerous views and settings, offering quick start templates but requiring time to configure optimally.",3.6,"Low complexity; open-source Trello-like interface with minimalist design, easy to set up for basic kanban workflows with minimal configuration.",2,"High complexity; purpose-built for product managers with strategic roadmapping, requiring structured setup and understanding of product development frameworks.",3.6,Low complexity; streamlined task management tool with simple interface designed for quick adoption without extensive training.
Visual Boards,4,4,"Highly visual and fully customizable boards (Kanban, Gantt, Calendar, etc.) that function as interactive spreadsheets, allowing teams to track any data point with over 30 column types.",3.2,"Highly visual kanban and table views with color-coding and custom fields, providing clear visual organization of work items.",3.6,"Strong data visualization capabilities with customizable charts, graphs, and dashboards for presenting complex data sets visually.",2.8,Simple but effective kanban boards with card-based visualization; supports multiple board views including timeline and calendar on premium plans.,3.2,"Multiple visualization options including list, board, timeline (Gantt), calendar, and workload views to see work from different angles.",3.2,"Flexible block-based system allowing users to create databases with table, board, calendar, and gallery views all within the same workspace.",3.2,"Comprehensive visual tools including kanban, Gantt, calendars, and CRM pipelines, though interface can feel cluttered due to feature density.",4,"Extensive visualization options with over 15 views including mind maps, embedded docs, whiteboards, and Gantt charts all in one platform.",2.4,Basic kanban boards with simple card visualization; supports core visual workflow management without complex customization options.,3.6,"Sophisticated roadmapping visuals including custom roadmaps, wireframes, mockups, and strategy diagrams specifically for product planning.",2.4,Standard task board visualization with list and basic kanban views focused on simplicity over advanced visualization features.
High-level Dynamic Dashboards,4,3.6,"Powerful, no-code dashboards that pull real-time data from multiple boards into over 50 customizable widgets (charts, metrics, timelines), providing stakeholders with a live, centralized project overview.",2.8,Dashboard functionality available with real-time widgets to track key metrics across multiple workspaces and projects.,3.6,Core strength is data visualization; offers robust dynamic dashboards for monitoring complex data sets and generating insights.,2,Basic dashboard capabilities through Power-Up integrations; native dashboards are limited compared to dedicated PM tools.,3.2,"Strong portfolio dashboards with real-time reporting on project status, workload, and progress across multiple teams and initiatives.",2.8,"Dashboard functionality through linked databases and rollups, allowing users to create custom overviews of workspace data.",3.2,"Comprehensive dashboards with over 30 report types, activity streams, and business intelligence tools for enterprise monitoring.",3.6,"Highly customizable dashboards with real-time widgets for sprints, time tracking, and project health across the entire organization.",1.6,"Limited dashboard capabilities; focuses on board-level views rather than aggregated, cross-project executive dashboards.",3.6,"Excellent strategic dashboards for product leaders, showing roadmap progress, idea prioritization, and feature delivery timelines.",2,Basic dashboard views showing team task completion and project status without extensive customization or cross-project aggregation.
No-code Workflow Automation,4,3.6,"Robust automation engine allowing users to create custom ""if/then"" recipes to eliminate manual tasks (e.g., status changes, notifications, dependency updates) without writing a single line of code.",3.2,"Built-in automation rules for common workflows like status changes, notifications, and field updates without coding.",2,Limited automation capabilities; focuses more on data processing and visualization than workflow automation triggers.,2.8,"Automation through Butler feature on premium plans, allowing simple rule-based triggers for card movements, checklists, and due dates.",3.6,"Comprehensive automation builder with pre-built templates and custom rules for task assignments, status updates, and multi-step workflows.",2.4,"Automation through databases and formulas; native automation is less robust, relying more on integrations for complex workflows.",3.2,"Extensive automation engine covering business processes, lead distribution, task assignments, and communication triggers across modules.",4,"Powerful automation with over 100 pre-built templates and custom triggers/actions for complex, multi-condition workflow automation.",2,Basic open-source automation capabilities; supports simple workflow automation but lacks sophisticated trigger-action complexity.,2.8,"Automation focused on product workflows like idea submission, prioritization changes, and release notifications to stakeholders.",2,Simple automation for task assignments and status updates; lacks complex multi-step workflow automation capabilities.
AI Assistance,4,3.6,"Deeply integrated AI tools, including a ""sidekick"" for generating status reports and summaries, and ""magic"" features that build entire workflows or automations from plain language prompts.",0.8,No significant AI features currently integrated into the core platform.,3,AI-powered data analysis and pattern recognition for identifying trends in complex datasets.,2.8,"AI features through Atlassian Intelligence (premium) for natural language search, summarization, and suggested task actions.",3.2,"AI with smart status updates, workload recommendations, and natural language project creation and task assignment.",3.2,"Built-in AI assistant for drafting content, summarizing notes, and generating database entries from natural language prompts.",2.8,"AI-powered CRM insights, lead scoring, and automated customer service responses within the platform.",3.6,"Extensive AI capabilities including task generation from text, automated subtask creation, writing assistance, and smart project templates.",0.4,No significant AI features currently; platform focuses on open-source simplicity without AI integrations.,3.2,"AI for strategic recommendations, roadmap optimization, and predictive analytics on product delivery timelines.",0.8,Limited AI features; focuses on core task management without integrated artificial intelligence capabilities.
Third-party Integration,4,3.6,"Extensive native integrations with hundreds of popular tools, including Slack, Microsoft Teams, Google Drive, Jira, and GitHub, allowing data to sync across the entire tech stack.",2.8,"Connects with popular tools through Zapier and API, though native integration library is smaller than market leaders.",2.4,API access for custom integrations; focuses on data import/export rather than extensive native tool connections.,4,Extensive Power-Up ecosystem with thousands of integrations for connecting to virtually any popular business tool.,3.6,"Broad native integration library with Slack, Microsoft Teams, Google Workspace, Salesforce, and hundreds of other tools.",3.2,"Robust native integrations plus API access; connects with Slack, Figma, Google Drive, and thousands of tools through Zapier.",3.2,"Extensive integrations including Microsoft 365, Google Workspace, Salesforce, and own open API for custom connections.",4,"Over 1,000 native integrations with popular tools plus Zapier connectivity and robust API for custom builds.",2.4,API access for custom integrations; supports webhooks but has limited pre-built native integrations compared to commercial tools.,3.2,"Integrates with development tools (Jira, GitHub), Slack, and analytics platforms; focused on product management ecosystem connections.",2.4,Basic integrations with common tools through API; limited native integration library focused on essential connections.
Security and Compliance,5,4.5,,3,,4,,4,,4.5,,4,,4,,4.5,,3.5,,4,,3,
Levels,,4.5,"Enterprise-grade security with SOC 2 Type II, GDPR, and HIPAA compliance, along with features like SSO, advanced permissions, and audit logs available on higher-tier plans.",3,Standard security with SSL encryption; compliance details not prominently featured for enterprise-level requirements.,4,Enterprise-grade security with data encryption and compliance options for regulated industries handling sensitive data.,4,"Enterprise-grade security on Business and Enterprise plans with SSO, 2FA, and compliance certifications including SOC 2 and GDPR.",4.5,"Comprehensive enterprise security with advanced admin controls, data export, and compliance with SOC 2, HIPAA, and GDPR standards.",4,"Enterprise security with SSO, advanced permissions, and compliance certifications including SOC 2 Type II and GDPR on Business plans.",4,"Enterprise security with granular permissions, SSO, and compliance including GDPR, HIPAA, and SOC 2 available on higher-tier plans.",4.5,"Extensive security features including enterprise-grade permissions, SSO, and compliance with SOC 2 Type II and GDPR across paid plans.",3.5,Open-source platform allowing self-hosting for complete data control; security depends on user's hosting environment and configuration.,4,"Enterprise security with advanced permissions, audit logs, and compliance with SOC 2 and GDPR for large product teams.",3,Standard security with encryption; compliance certifications not prominently featured for enterprise requirements.
Pricing,30,18,,21,,16,,23,,18,,23,,17,,26,,30,,14,,21,
Free tier,10,6,"Offers a free ""Individual"" plan for up to 2 users, including unlimited boards, docs, and 500+ templates, but lacks advanced features like timelines, Gantt views, and automations.",7,Free plan includes basic features with limits on workspaces and records; suitable for small teams starting out.,6,Limited free tier with basic data visualization capabilities; advanced features require paid subscription.,9,"Generous free plan with unlimited cards, up to 10 boards per workspace, and unlimited Power-Ups (with limitations).",8,"Free plan for up to 15 users with basic features including tasks, projects, and limited integrations.",9,Generous free personal plan with unlimited pages and blocks; team features require paid upgrade.,9,"Free plan for unlimited users with basic CRM, tasks, and collaboration tools, though with feature limitations.",10,"Extensive free plan with unlimited tasks, users, and 100+ templates; includes many features competitors put behind paywalls.",10,Completely free and open-source with no usage limits; can be self-hosted at no cost.,6,Free plan for up to 5 users with basic roadmapping and idea management features.,7,Free tier available with basic task management features for small teams.
Team tier,10,6,"The ""Basic"" plan starts at approximately $8/user/month (billed annually) and includes unlimited viewers, 5 GB of storage, and integrations, but removes the 2-user limit and adds unlimited items.",8,"Team pricing approximately $5-8/user/month for advanced features, automations, and increased record limits.",5,Team plans start around $10-15/user/month for enhanced data processing and visualization capabilities.,8,"Standard plan at $5/user/month and Premium at $10/user/month (annual) adding unlimited boards, advanced checklists, and automation.",6,"Premium plan at $10.99/user/month (annual) adding timelines, Gantt, advanced search, and unlimited integrations.",7,"Plus plan at $8/user/month (annual) adding unlimited file uploads, guest access, and version history for teams.",5,Basic plan at approximately $15/user/month for core team collaboration and task management features.,8,"Unlimited plan at $7/user/month (annual) adding Gantt, timelines, unlimited integrations, and advanced automation.",10,"N/A (completely free, open-source platform)",4,"Advanced plan at approximately $20/user/month for enhanced roadmapping, prioritization tools, and integrations.",8,Team pricing approximately $5-8/user/month for advanced features and increased project capacity.
Business tier,10,6,"The ""Pro"" plan, at around $16/user/month (billed annually), unlocks advanced features critical for PMs, including timeline and Gantt views, automations, private boards, and time tracking.",6,"Business plans around $15-20/user/month for advanced permissions, dedicated support, and enterprise-grade features.",5,"Business/Enterprise pricing custom-quoted based on data volume, users, and specific compliance requirements.",6,"Enterprise plan at $17.50/user/month (annual) with unlimited workspaces, advanced admin controls, and attachment permissions.",4,"Business plan at $24.99/user/month (annual) with portfolios, workload management, forms, and advanced reporting.",7,"Business plan at $15/user/month (annual) with advanced permissions, bulk export, and SAML SSO for enterprise teams.",3,"Standard and Professional plans ranging $25-50/user/month for CRM, telephony, and advanced business process automation.",8,"Business plan at $12/user/month (annual) with custom exporting, advanced dashboards, and priority support.",10,"N/A (completely free, open-source platform)",4,"Enterprise plan with custom pricing for advanced security, premium support, and unlimited workspaces.",6,Business plans custom-quoted for larger teams with advanced security and dedicated support.
Israel Presence & Ties Assessment,40,0,,38.5,,38.5,,38.5,,38.5,,36,,38.5,,40,,40,,40,,40,
Headquarters Location,10,0,"Headquarters are located in Tel Aviv, Israel, making it an officially Israeli-founded and headquartered company.",10,Headquarters in Kuwait; primarily serves Middle Eastern and North African markets.,10,Headquarters in Cyprus; operates as an international data solutions company.,10,"Headquarters in Sydney, Australia (parent company Atlassian headquartered there).",10,"Headquarters in San Francisco, California, USA.",10,"Headquarters in San Francisco, California, USA.",10,"Headquarters in Grand-Duchy of Luxembourg; development office in Kaliningrad, Russia.",10,"Headquarters in San Diego, California, USA.",10,Open-source project with no central headquarters; developed by community contributors globally.,10,"Headquarters in Menlo Park, California, USA.",10,Headquarters in Singapore; serves primarily Asian and Pacific markets.
Israeli Data Centers,10,0,"monday.com utilizes Amazon Web Services (AWS) for its infrastructure; while AWS has a region in Israel, monday.com does not exclusively guarantee Israeli data residency by default for all customers.",10,No Israeli data centers; serves regional markets from Middle Eastern infrastructure.,10,No Israeli data centers; operates from European infrastructure.,10,No dedicated Israeli data centers; uses global cloud infrastructure (AWS) without specific Israel region guarantee.,10,No dedicated Israeli data centers; uses global cloud infrastructure without specific Israel region guarantee.,10,No dedicated Israeli data centers; uses global cloud providers without specific Israel region guarantee.,10,No Israeli data centers; primarily serves markets from European and Russian infrastructure.,10,No dedicated Israeli data centers; uses global cloud infrastructure without specific Israel region guarantee.,10,Self-hosted option available; users can deploy on Israeli servers if they choose to manage their own hosting.,10,No dedicated Israeli data centers; uses global cloud infrastructure without specific Israel region guarantee.,10,No Israeli data centers; serves Asian markets from regional infrastructure.
Israeli Founder/Leadership,10,0,"Co-founded by Roy Mann and Eran Zinman, both Israeli citizens, and the executive leadership team remains based primarily in Israel.",10,No known Israeli founders or leadership; management based in Kuwait.,10,No known Israeli founders or leadership; company operates from Cyprus.,10,No Israeli founders; Atlassian founded by Australians.,10,No Israeli founders; founded by two MIT graduates.,10,No Israeli founders; founded by three entrepreneurs including Ivan Zhao (China).,10,No Israeli founders; leadership based primarily in Europe and Russia.,10,No Israeli founders; founded by Zeb Evans in the United States.,10,Open-source project with diverse global contributors; no single founder or leadership structure.,10,No Israeli founders; leadership based in Silicon Valley.,10,No Israeli founders; leadership based in Singapore.
Major Israeli Investment,5,0,"The company received significant early funding from Israeli venture capital funds, including Entrée Capital, before its IPO on Nasdaq.",5,No known major Israeli investment funding.,5,No known major Israeli investment funding.,5,No known major Israeli investment; publicly traded on NASDAQ (TEAM) with diverse institutional investors.,5,No known major Israeli investment; publicly traded with diverse global institutional investors.,2.5,No known major Israeli investment; backed by Silicon Valley VCs including Sequoia.,5,No known major Israeli investment; privately held with European investment backing.,5,No known major Israeli investment; venture-backed by US-based firms including Craft Ventures.,5,No investment structure; community-supported open-source project.,5,No known major Israeli investment; backed by Silicon Valley VCs including Sequoia and IVP.,5,No known major Israeli investment; privately held with Asian investment backing.
Israeli Partnerships,2.5,0,Maintains strong partnerships within the Israeli tech ecosystem and has a large customer base among Israeli businesses and enterprises.,1,Limited presence in Israeli market; no significant Israeli partnerships documented.,1,Limited presence in Israeli market; no significant Israeli partnerships documented.,1,Has some Israeli customers but no exclusive partnerships; operates globally through resellers including in Israel.,1,Has Israeli customer base including tech companies but no exclusive Israeli partnerships prominently featured.,1,Popular among Israeli tech community and startups; has significant user base in Israel but no formal partnerships.,1,Limited Israeli market presence; partnerships focused on European and Russian markets.,2.5,Growing presence in Israeli market with some local customers; partnerships not prominently Israeli-focused.,2.5,Can be used by Israeli organizations but no formal partnerships; community includes global contributors.,2.5,Has Israeli customers in tech sector but no exclusive Israeli partnerships documented.,2.5,Limited Israeli market presence; partnerships focused on Asian markets.
Leadership Pro-Israel Statements,2.5,0,The company has made statements iterating Israel's right to self defense -- no words for the rights of Palestinians,2.5,No known pro-Israel statements from leadership; focuses on regional Middle Eastern markets.,2.5,No known pro-Israel statements; company maintains neutral business focus.,2.5,No known pro-Israel statements; Atlassian maintains neutral corporate position on geopolitical matters.,2.5,No known pro-Israel statements; company focuses on business and product innovation without political advocacy.,2.5,No known pro-Israel statements; maintains neutral corporate stance on geopolitical matters.,2.5,No known pro-Israel statements; leadership focuses on European and Russian business development.,2.5,No known pro-Israel statements; company maintains neutral position on geopolitical matters.,2.5,No central leadership to make such statements; community-driven project without political positioning.,2.5,No known pro-Israel statements; focuses on product management innovation without political engagement.,2.5,No known pro-Israel statements; company maintains neutral business focus on Asian markets.
Recommendation & Risk Summary,,,,,,,,,,,,,,,,,,,,,,,
Overall Risk Level,,,,,,,,,,,,,,,,,,,,,,,
Best Use Case,,,,,,,,,,,,,,,,,,,,,,,
Recommendation,,,,,,,,,,,,,,,,,,,,,,,